species,sepal_length
virginica,6.587999999999998
versicolor,5.936
setosa,5.005999999999999
